date,key_rate,usd_rub,cny_rub,eur_rub,chf_rub
2026-02-13,15.5,77.188,11.1582,91.7113,100.479
2026-02-14,15.5,77.188,11.1582,91.7113,100.479
2026-02-15,15.5,77.188,11.1582,91.7113,100.479
2026-02-16,15.5,77.188,11.1582,91.7113,100.479
2026-02-17,15.5,76.6201,11.0859,91.0368,99.5842
2026-02-18,15.5,76.7389,11.0934,90.8658,99.7646
2026-02-19,15.5,76.1524,11.0137,90.2683,98.7197
2026-02-20,15.5,76.6405,11.0747,90.1669,99.3525
2026-02-21,15.5,76.6405,11.0747,90.1669,99.3525
2026-02-22,15.5,76.6405,11.0747,90.1669,99.3525
2026-02-23,15.5,76.6405,11.0747,90.1669,99.3525
2026-02-24,15.5,76.6405,11.0747,90.1669,99.3525
2026-02-25,15.5,76.6342,11.1172,90.5821,99.0106
2026-02-26,15.5,76.4678,11.1187,90.3211,98.7828
2026-02-27,15.5,77.1218,11.2487,91.0281,99.6534
2026-02-28,15.5,77.1218,11.2487,91.0281,99.6534
2026-03-01,15.5,77.1218,11.2487,91.0281,99.6534
2026-03-02,15.5,77.1218,11.2487,91.0281,99.6534
2026-03-03,15.5,77.1734,11.196,90.7307,99.9655
2026-03-04,15.5,77.6093,11.221,90.3098,98.7521
2026-03-05,15.5,77.8009,11.2488,90.7458,99.3118
2026-03-06,15.5,78.19,11.3486,90.7926,100.3465
2026-03-07,15.5,78.19,11.3486,90.7926,100.3465
2026-03-08,15.5,78.19,11.3486,90.7926,100.3465
2026-03-09,15.5,78.19,11.3486,90.7926,100.3465
2026-03-10,15.5,78.19,11.3486,90.7926,100.3465
2026-03-11,15.5,78.7396,11.4413,91.8979,101.5471
2026-03-12,15.5,79.068,11.5051,91.9378,101.5515
2026-03-13,15.5,79.0671,11.5027,91.3893,101.3031
2026-03-14,15.5,79.0671,11.5027,91.3893,101.3031
2026-03-15,15.5,79.0671,11.5027,91.3893,101.3031
2026-03-16,15.5,79.0671,11.5027,91.3893,101.3031
2026-03-17,15.5,81.0517,11.7441,92.6555,102.7011
2026-03-18,15.5,81.9103,11.8865,93.1557,104.0792
2026-03-19,15.5,83.1259,12.1155,94.6663,105.7312
2026-03-20,15.0,84.8379,12.3824,96.9155,106.7949
2026-03-21,15.0,84.8379,12.3824,96.9155,106.7949
2026-03-22,15.0,84.8379,12.3824,96.9155,106.7949
2026-03-23,15.0,84.8379,12.3824,96.9155,106.7949
2026-03-24,15.0,81.8763,11.8709,94.7264,103.2358
2026-03-25,15.0,80.9604,11.7271,93.9247,102.9245
2026-03-26,15.0,80.7192,11.6947,93.8097,102.1633
2026-03-27,15.0,82.1314,11.9001,95.0038,103.6882
2026-03-28,15.0,82.1314,11.9001,95.0038,103.6882
2026-03-29,15.0,82.1314,11.9001,95.0038,103.6882
2026-03-30,15.0,82.1314,11.9001,95.0038,103.6882
2026-03-31,15.0,81.2955,11.7439,93.4369,101.6067
2026-04-01,15.0,81.2504,11.7804,93.2739,101.563
2026-04-02,15.0,80.6234,11.707,93.4443,101.592
2026-04-03,15.0,80.3332,11.6278,92.7326,101.2263
2026-04-04,15.0,80.3332,11.6278,92.7326,101.2263
2026-04-05,15.0,80.3332,11.6278,92.7326,101.2263
2026-04-06,15.0,80.3332,11.6278,92.7326,101.2263
2026-04-07,15.0,78.7277,11.4481,91.0034,98.4589
2026-04-08,15.0,78.7496,11.4713,91.0279,98.659
2026-04-09,15.0,78.3043,11.4581,91.5641,99.2827
2026-04-10,15.0,77.8366,11.3685,90.8813,98.4152
2026-04-11,15.0,77.8366,11.3685,90.8813,98.4152
2026-04-12,15.0,77.8366,11.3685,90.8813,98.4152
2026-04-13,15.0,77.8366,11.3685,90.8813,98.4152
2026-04-14,15.0,76.2489,11.1338,89.1373,96.4565
2026-04-15,15.0,75.8532,11.091,89.2556,97.1729
2026-04-16,15.0,75.2346,11.0334,88.7303,96.3434
2026-04-17,15.0,76.0861,11.17,89.4113,97.2595
2026-04-18,15.0,76.0861,11.17,89.4113,97.2595
2026-04-19,15.0,76.0861,11.17,89.4113,97.2595
2026-04-20,15.0,76.0861,11.17,89.4113,97.2595
2026-04-21,15.0,75.237,11.0418,88.3769,96.211
2026-04-22,15.0,74.5897,10.9451,87.7659,95.5788
2026-04-23,15.0,74.9995,10.9931,87.9733,96.1532
2026-04-24,14.5,74.8349,10.9441,87.5261,95.4283
2026-04-25,14.5,74.8349,10.9441,87.5261,95.4283
2026-04-26,14.5,74.8349,10.9441,87.5261,95.4283
2026-04-27,14.5,74.8349,10.9441,87.5261,95.4283
2026-04-28,14.5,74.8081,10.9513,87.8826,95.4794
2026-04-29,14.5,74.6947,10.942,87.5928,94.6701
2026-04-30,14.5,74.8806,10.9535,87.7771,94.8456
2026-05-01,14.5,74.8014,10.9593,88.6429,94.7093
2026-05-02,14.5,74.8014,10.9593,88.6429,94.7093
2026-05-03,14.5,74.8014,10.9593,88.6429,94.7093
2026-05-04,14.5,74.8014,10.9593,88.6429,94.7093
2026-05-05,14.5,75.4388,11.0343,88.2651,96.4197
2026-05-06,14.5,75.3448,11.0247,88.3463,96.1767
2026-05-07,14.5,75.2246,10.9949,88.06,96.6152
2026-05-08,14.5,74.6209,10.9709,87.8897,95.9508
2026-05-09,14.5,74.6209,10.9709,87.8897,95.9508
2026-05-10,14.5,74.6209,10.9709,87.8897,95.9508
2026-05-11,14.5,74.6209,10.9709,87.8897,95.9508
2026-05-12,14.5,74.6209,10.9709,87.8897,95.9508
2026-05-13,14.5,73.7878,10.8522,87.3791,94.527
2026-05-14,14.5,73.342,10.7933,85.9017,93.7637
2026-05-15,14.5,73.1385,10.7855,86.2899,93.5036
2026-05-16,14.5,73.1385,10.7855,86.2899,93.5036
2026-05-17,14.5,73.1385,10.7855,86.2899,93.5036
2026-05-18,14.5,73.1385,10.7855,86.2899,93.5036
2026-05-19,14.5,72.3497,10.6279,84.0742,92.1887
2026-05-20,14.5,71.2926,10.4545,82.7871,90.5993
2026-05-21,14.5,70.9509,10.4161,81.9823,89.7885
2026-05-22,14.5,70.7902,10.398,83.2746,89.9609
2026-05-23,14.5,70.7902,10.398,83.2746,89.9609
2026-05-24,14.5,70.7902,10.398,83.2746,89.9609
2026-05-25,14.5,70.7902,10.398,83.2746,89.9609
2026-05-26,14.5,71.546,10.5317,85.4493,91.0139
2026-05-27,14.5,71.668,10.5505,83.2975,91.3434
2026-05-28,14.5,70.9012,10.4557,82.7224,90.1936
2026-05-29,14.5,71.3715,10.4487,83.6892,90.4582
2026-05-30,14.5,71.3715,10.4487,83.6892,90.4582
2026-05-31,14.5,71.3715,10.4487,83.6892,90.4582
2026-06-01,14.5,71.3715,10.4487,83.6892,90.4582
2026-06-02,14.5,71.5532,10.5762,86.2499,91.3601
2026-06-03,14.5,72.5597,10.7312,84.6096,92.3151
2026-06-04,14.5,73.3436,10.8262,85.1243,92.8988
2026-06-05,14.5,74.2956,10.9536,86.2712,93.9618
2026-06-06,14.5,74.2956,10.9536,86.2712,93.9618
2026-06-07,14.5,74.2956,10.9536,86.2712,93.9618
2026-06-08,14.5,74.2956,10.9536,86.2712,93.9618
2026-06-09,14.5,73.2644,10.7826,85.2798,91.81
2026-06-10,14.5,71.7318,10.5831,82.7785,90.0701
2026-06-11,14.5,71.7892,10.5825,83.0816,89.8488
2026-06-12,14.5,71.9077,10.6064,82.9743,89.8846
2026-06-13,14.5,71.9077,10.6064,82.9743,89.8846
2026-06-14,14.5,71.9077,10.6064,82.9743,89.8846
2026-06-15,14.5,71.9077,10.6064,82.9743,89.8846
2026-06-16,14.5,72.4513,10.7047,83.8044,91.3175
2026-06-17,14.5,72.1388,10.6624,83.7315,90.7863
2026-06-18,14.5,72.7479,10.7589,84.3439,91.865
2026-06-19,14.25,73.3591,10.8284,85.0305,91.4132
2026-06-20,14.25,73.3591,10.8284,85.0305,91.4132
2026-06-21,14.25,73.3591,10.8284,85.0305,91.4132
2026-06-22,14.25,73.3591,10.8284,85.0305,91.4132
2026-06-23,14.25,73.765,10.8847,84.5863,91.282
2026-06-24,14.25,74.62,10.9947,85.4847,92.1462
2026-06-25,14.25,74.7738,10.9713,85.1823,92.1313
2026-06-26,14.25,75.6347,11.044,85.7697,93.2725
2026-06-27,14.25,75.6347,11.044,85.7697,93.2725
2026-06-28,14.25,75.6347,11.044,85.7697,93.2725
2026-06-29,14.25,75.6347,11.044,85.7697,93.2725
2026-06-30,14.25,77.7539,11.4624,88.6472,96.0992
2026-07-01,14.25,78.2696,11.4932,89.2743,96.6888
2026-07-02,14.25,78.2652,11.4842,89.1754,96.6714
2026-07-03,14.25,77.9293,11.4693,88.7069,96.8547
2026-07-04,14.25,77.9293,11.4693,88.7069,96.8547
2026-07-05,14.25,77.9293,11.4693,88.7069,96.8547
2026-07-06,14.25,77.9293,11.4693,88.7069,96.8547
2026-07-07,14.25,77.9695,11.4555,89.2595,96.7964
2026-07-08,14.25,76.1258,11.2068,86.8976,94.402
2026-07-09,14.25,76.4026,11.2219,87.3511,94.5811
2026-07-10,14.25,75.93,11.1616,86.5906,94.1009
2026-07-11,14.25,75.93,11.1616,86.5906,94.1009
2026-07-12,14.25,75.93,11.1616,86.5906,94.1009
2026-07-13,14.25,75.93,11.1616,86.5906,94.1009
2026-07-14,14.25,76.6213,11.2925,87.5781,94.8049
2026-07-15,14.25,77.4912,11.3775,88.5259,95.362
2026-07-16,14.25,77.9568,11.5136,88.9097,96.2192
2026-07-17,14.25,77.9735,11.5171,88.9362,96.2508
2026-07-18,14.25,77.9919,11.5209,88.9657,96.2843
2026-07-19,14.25,78.0117,11.525,88.9981,96.3191
2026-07-20,14.25,78.0329,11.5294,89.0331,96.355
2026-07-21,14.25,78.0553,11.5339,89.0704,96.3916
2026-07-22,14.25,78.0786,11.5386,89.1096,96.4285
2026-07-23,14.25,78.1029,11.5433,89.1505,96.4654
2026-07-24,14.0,78.1277,11.5481,89.1925,96.5019
2026-07-25,14.0,78.153,11.553,89.2355,96.5376
2026-07-26,14.0,78.1786,11.5578,89.279,96.5724
2026-07-27,14.0,78.2044,11.5625,89.3225,96.606
2026-07-28,14.0,78.23,11.567,89.3659,96.6382
2026-07-29,14.0,78.2555,11.5715,89.4088,96.6688
2026-07-30,14.0,78.2806,11.5757,89.4508,96.6977
2026-07-31,14.0,78.3053,11.5798,89.4916,96.7249
2026-08-01,14.0,78.3294,11.5836,89.5312,96.7504
2026-08-02,14.0,78.3529,11.5872,89.5692,96.7742
2026-08-03,14.0,78.3757,11.5905,89.6056,96.7965
2026-08-04,14.0,78.3977,11.5936,89.6402,96.8175
2026-08-05,14.0,78.4191,11.5965,89.673,96.8373
2026-08-06,14.0,78.4397,11.5992,89.704,96.8563
2026-08-07,14.0,78.4597,11.6017,89.7334,96.8746
2026-08-08,14.0,78.479,11.6041,89.7611,96.8928
2026-08-09,14.0,78.4978,11.6063,89.7873,96.9111
2026-08-10,14.0,78.5163,11.6085,89.8123,96.9298
2026-08-11,14.0,78.5344,11.6105,89.8363,96.9495
2026-08-12,14.0,78.5523,11.6126,89.8595,96.9704
2026-08-13,14.0,78.5702,11.6147,89.8822,96.993
2026-08-14,14.0,78.5882,11.6169,89.9047,97.0176
2026-08-15,14.0,78.6065,11.6192,89.9274,97.0445
2026-08-16,14.0,78.6252,11.6217,89.9505,97.0742
2026-08-17,14.0,78.6444,11.6244,89.9744,97.1067
2026-08-18,14.0,78.6643,11.6274,89.9994,97.1425
2026-08-19,14.0,78.685,11.6306,90.0257,97.1816
2026-08-20,14.0,78.7067,11.6341,90.0536,97.2242
2026-08-21,14.0,78.7294,11.6379,90.0834,97.2703
2026-08-22,14.0,78.7532,11.6421,90.1152,97.3201
2026-08-23,14.0,78.7782,11.6467,90.1492,97.3734
2026-08-24,14.0,78.8044,11.6516,90.1855,97.4301
2026-08-25,14.0,78.8318,11.6569,90.2242,97.4902
2026-08-26,14.0,78.8605,11.6626,90.2653,97.5533
2026-08-27,14.0,78.8904,11.6686,90.3088,97.6194
2026-08-28,14.0,78.9215,11.6749,90.3546,97.688
2026-08-29,14.0,78.9537,11.6815,90.4027,97.7588
2026-08-30,14.0,78.9869,11.6884,90.4528,97.8316
2026-08-31,14.0,79.021,11.6956,90.5048,97.9058
2026-09-01,14.0,79.056,11.7029,90.5585,97.9812
2026-09-02,14.0,79.0917,11.7104,90.6136,98.0574
2026-09-03,14.0,79.1279,11.7181,90.6699,98.1338
2026-09-04,14.0,79.1646,11.7258,90.7271,98.2103
2026-09-05,14.0,79.2017,11.7336,90.7849,98.2863
2026-09-06,14.0,79.2389,11.7414,90.8431,98.3616
2026-09-07,14.0,79.2762,11.7491,90.9013,98.4359
2026-09-08,14.0,79.3135,11.7568,90.9595,98.5088
2026-09-09,14.0,79.3506,11.7644,91.0172,98.5802
2026-09-10,14.0,79.3875,11.7719,91.0743,98.6499
2026-09-11,14.0,79.4241,11.7793,91.1307,98.7178
2026-09-12,14.0,79.4603,11.7865,91.1862,98.7838
2026-09-13,14.0,79.4961,11.7936,91.2408,98.8479
2026-09-14,14.0,79.5315,11.8005,91.2943,98.9102
2026-09-15,14.0,79.5665,11.8073,91.3468,98.9707
2026-09-16,14.0,79.6011,11.8139,91.3984,99.0296
2026-09-17,14.0,79.6354,11.8204,91.4492,99.0871
2026-09-18,14.0,79.6695,11.8268,91.4992,99.1434
2026-09-19,14.0,79.7033,11.8331,91.5488,99.1988
2026-09-20,14.0,79.7371,11.8393,91.5981,99.2535
2026-09-21,14.0,79.771,11.8456,91.6473,99.3079
2026-09-22,14.0,79.805,11.8519,91.6968,99.3622
2026-09-23,14.0,79.8394,11.8582,91.7469,99.4169
2026-09-24,14.0,79.8742,11.8646,91.7978,99.4721
2026-09-25,14.0,79.9095,11.8712,91.85,99.5283
2026-09-26,14.0,79.9456,11.878,91.9037,99.5856
2026-09-27,14.0,79.9826,11.8849,91.9592,99.6443
2026-09-28,14.0,80.0205,11.8921,92.0169,99.7046
2026-09-29,14.0,80.0595,11.8996,92.077,99.7666
2026-09-30,14.0,80.0997,11.9073,92.1397,99.8305
2026-10-01,14.0,80.141,11.9154,92.2053,99.8963
2026-10-02,14.0,80.1837,11.9237,92.2738,99.964
2026-10-03,14.0,80.2276,11.9324,92.3453,100.0335
2026-10-04,14.0,80.2728,11.9414,92.42,100.1048
2026-10-05,14.0,80.3193,11.9506,92.4977,100.1776
2026-10-06,14.0,80.367,11.9601,92.5784,100.2518
2026-10-07,14.0,80.4158,11.9699,92.662,100.327
2026-10-08,14.0,80.4655,11.9799,92.7481,100.4029
2026-10-09,14.0,80.5161,11.99,92.8366,100.4791
2026-10-10,14.0,80.5675,12.0003,92.9272,100.5554
2026-10-11,14.0,80.6193,12.0106,93.0194,100.6311
2026-10-12,14.0,80.6714,12.0209,93.1128,100.706
2026-10-13,14.0,80.7236,12.0312,93.2069,100.7795
2026-10-14,14.0,80.7756,12.0414,93.3013,100.8512
2026-10-15,14.0,80.8273,12.0514,93.3954,100.9207
2026-10-16,14.0,80.8784,12.0611,93.4887,100.9876
2026-10-17,14.0,80.9286,12.0706,93.5807,101.0515
2026-10-18,14.0,80.9778,12.0797,93.6707,101.1121
2026-10-19,14.0,81.0256,12.0884,93.7584,101.1691
2026-10-20,14.0,81.0719,12.0966,93.8431,101.2222
2026-10-21,14.0,81.1166,12.1044,93.9244,101.2714
2026-10-22,14.0,81.1594,12.1116,94.002,101.3165
2026-10-23,14.0,81.2003,12.1182,94.0753,101.3575
2026-10-24,14.0,81.239,12.1243,94.1442,101.3945
2026-10-25,14.0,81.2756,12.1298,94.2084,101.4275
2026-10-26,14.0,81.31,12.1346,94.2677,101.4568
2026-10-27,14.0,81.3421,12.139,94.3219,101.4827
2026-10-28,14.0,81.3721,12.1427,94.3712,101.5054
2026-10-29,14.0,81.4,12.1459,94.4155,101.5254
2026-10-30,14.0,81.4258,12.1486,94.4551,101.5432
2026-10-31,14.0,81.4498,12.1509,94.49,101.5592
2026-11-01,14.0,81.472,12.1528,94.5206,101.574
2026-11-02,14.0,81.4927,12.1543,94.5473,101.5882
2026-11-03,14.0,81.5121,12.1556,94.5704,101.6024
2026-11-04,14.0,81.5304,12.1567,94.5906,101.6172
2026-11-05,14.0,81.5478,12.1577,94.6081,101.6331
2026-11-06,14.0,81.5648,12.1586,94.6238,101.6509
2026-11-07,14.0,81.5814,12.1596,94.638,101.671
2026-11-08,14.0,81.5981,12.1607,94.6515,101.6941
2026-11-09,14.0,81.615,12.162,94.6649,101.7206
2026-11-10,14.0,81.6325,12.1635,94.6787,101.751
2026-11-11,14.0,81.6509,12.1654,94.6936,101.7858
2026-11-12,14.0,81.6703,12.1676,94.7102,101.8251
2026-11-13,14.0,81.6911,12.1704,94.7289,101.8694
2026-11-14,14.0,81.7134,12.1736,94.7504,101.9189
2026-11-15,14.0,81.7375,12.1773,94.775,101.9735
2026-11-16,14.0,81.7634,12.1817,94.8032,102.0335
2026-11-17,14.0,81.7914,12.1866,94.8354,102.0987
2026-11-18,14.0,81.8215,12.1922,94.8717,102.1691
2026-11-19,14.0,81.8538,12.1983,94.9125,102.2445
2026-11-20,14.0,81.8884,12.2051,94.9578,102.3246
2026-11-21,14.0,81.9252,12.2125,95.0077,102.4092
2026-11-22,14.0,81.9642,12.2205,95.0623,102.4978
2026-11-23,14.0,82.0053,12.2291,95.1215,102.5901
2026-11-24,14.0,82.0485,12.2381,95.1851,102.6855
2026-11-25,14.0,82.0937,12.2477,95.2529,102.7837
2026-11-26,14.0,82.1406,12.2576,95.3247,102.884
2026-11-27,14.0,82.1892,12.268,95.4002,102.9859
2026-11-28,14.0,82.2393,12.2787,95.4791,103.0888
2026-11-29,14.0,82.2906,12.2896,95.5609,103.1924
2026-11-30,14.0,82.343,12.3007,95.6452,103.2959
2026-12-01,14.0,82.3962,12.312,95.7317,103.3989
2026-12-02,14.0,82.45,12.3233,95.8198,103.5009
2026-12-03,14.0,82.5042,12.3347,95.9092,103.6014
2026-12-04,14.0,82.5587,12.346,95.9993,103.7001
2026-12-05,14.0,82.6131,12.3573,96.0897,103.7965
2026-12-06,14.0,82.6672,12.3683,96.1801,103.8904
2026-12-07,14.0,82.721,12.3792,96.2699,103.9815
2026-12-08,14.0,82.7741,12.3899,96.3588,104.0696
2026-12-09,14.0,82.8265,12.4003,96.4465,104.1545
2026-12-10,14.0,82.8781,12.4104,96.5326,104.2362
2026-12-11,14.0,82.9286,12.4201,96.6169,104.3145
2026-12-12,14.0,82.9779,12.4296,96.6992,104.3895
2026-12-13,14.0,83.0261,12.4387,96.7793,104.4613
2026-12-14,14.0,83.0729,12.4474,96.8569,104.5299
2026-12-15,14.0,83.1185,12.4558,96.9321,104.5954
2026-12-16,14.0,83.1626,12.4638,97.0047,104.658
2026-12-17,14.0,83.2054,12.4715,97.0746,104.7179
2026-12-18,13.5,83.2467,12.4788,97.142,104.7752
2026-12-19,13.5,83.2866,12.4858,97.2068,104.8301
2026-12-20,13.5,83.3252,12.4925,97.2689,104.8828
2026-12-21,13.5,83.3623,12.4989,97.3286,104.9336
2026-12-22,13.5,83.3981,12.5051,97.3858,104.9826
2026-12-23,13.5,83.4325,12.5109,97.4407,105.0299
2026-12-24,13.5,83.4656,12.5166,97.4932,105.0757
2026-12-25,13.5,83.4974,12.522,97.5435,105.1201
2026-12-26,13.5,83.5279,12.5271,97.5916,105.1632
2026-12-27,13.5,83.5571,12.5321,97.6376,105.205
2026-12-28,13.5,83.585,12.5368,97.6815,105.2457
2026-12-29,13.5,83.6116,12.5414,97.7233,105.2851
2026-12-30,13.5,83.637,12.5457,97.7631,105.3232
2026-12-31,13.5,83.661,12.5498,97.8007,105.36
2027-01-01,13.5,83.6644,12.5508,97.8065,105.3695
2027-01-02,13.5,83.6686,12.552,97.8138,105.3797
2027-01-03,13.5,83.6735,12.5532,97.8224,105.3907
2027-01-04,13.5,83.6791,12.5546,97.8324,105.4024
2027-01-05,13.5,83.6853,12.5562,97.8435,105.4145
2027-01-06,13.5,83.6921,12.5578,97.8559,105.4271
2027-01-07,13.5,83.6995,12.5595,97.8693,105.4401
2027-01-08,13.5,83.7073,12.5613,97.8837,105.4533
2027-01-09,13.5,83.7157,12.5631,97.899,105.4666
2027-01-10,13.5,83.7245,12.565,97.9151,105.4799
2027-01-11,13.5,83.7336,12.567,97.9319,105.4932
2027-01-12,13.5,83.7431,12.569,97.9493,105.5063
2027-01-13,13.5,83.7529,12.571,97.9672,105.5193
2027-01-14,13.5,83.7629,12.573,97.9855,105.5319
2027-01-15,13.5,83.7731,12.5749,98.0041,105.5441
2027-01-16,13.5,83.7835,12.5769,98.023,105.556
2027-01-17,13.5,83.7939,12.5789,98.0419,105.5674
2027-01-18,13.5,83.8045,12.5808,98.0608,105.5782
2027-01-19,13.5,83.8151,12.5826,98.0797,105.5886
2027-01-20,13.5,83.8257,12.5844,98.0984,105.5984
2027-01-21,13.5,83.8363,12.5861,98.1168,105.6076
2027-01-22,13.5,83.8468,12.5878,98.135,105.6162
2027-01-23,13.5,83.8572,12.5894,98.1528,105.6244
2027-01-24,13.5,83.8676,12.5909,98.1702,105.632
2027-01-25,13.5,83.8778,12.5923,98.1871,105.6391
2027-01-26,13.5,83.8879,12.5937,98.2035,105.6457
2027-01-27,13.5,83.8979,12.595,98.2194,105.652
2027-01-28,13.5,83.9077,12.5962,98.2348,105.658
2027-01-29,13.5,83.9174,12.5974,98.2496,105.6637
2027-01-30,13.5,83.927,12.5985,98.2638,105.6693
2027-01-31,13.5,83.9365,12.5995,98.2776,105.6748
2027-02-01,13.5,83.9459,12.6004,98.2908,105.6803
2027-02-02,13.5,83.9552,12.6014,98.3035,105.686
2027-02-03,13.5,83.9644,12.6023,98.3157,105.6919
2027-02-04,13.5,83.9736,12.6031,98.3276,105.6982
2027-02-05,13.5,83.9828,12.604,98.3392,105.7049
2027-02-06,13.5,83.992,12.6048,98.3504,105.7123
2027-02-07,13.5,84.0013,12.6057,98.3615,105.7204
2027-02-08,13.5,84.0107,12.6066,98.3724,105.7294
2027-02-09,13.5,84.0202,12.6075,98.3833,105.7393
2027-02-10,13.5,84.0299,12.6085,98.3942,105.7503
2027-02-11,13.5,84.0398,12.6095,98.4052,105.7624
2027-02-12,13.0,84.05,12.6106,98.4165,105.776
2027-02-13,13.0,84.0605,12.6118,98.4281,105.7909
2027-02-14,13.0,84.0714,12.6132,98.4401,105.8073
2027-02-15,13.0,84.0826,12.6146,98.4526,105.8254
2027-02-16,13.0,84.0943,12.6161,98.4657,105.8451
2027-02-17,13.0,84.1064,12.6178,98.4795,105.8666
2027-02-18,13.0,84.1191,12.6197,98.4941,105.8899
2027-02-19,13.0,84.1323,12.6217,98.5096,105.9152
2027-02-20,13.0,84.1461,12.6238,98.5261,105.9423
2027-02-21,13.0,84.1605,12.6262,98.5436,105.9715
2027-02-22,13.0,84.1755,12.6287,98.5621,106.0026
2027-02-23,13.0,84.1912,12.6315,98.5819,106.0358
2027-02-24,13.0,84.2076,12.6344,98.6029,106.0709
2027-02-25,13.0,84.2247,12.6375,98.6252,106.1081
2027-02-26,13.0,84.2426,12.6409,98.6487,106.1472
2027-02-27,13.0,84.2612,12.6444,98.6737,106.1882
2027-02-28,13.0,84.2805,12.6481,98.7,106.2312
2027-03-01,13.0,84.3005,12.6521,98.7276,106.2759
2027-03-02,13.0,84.3213,12.6562,98.7567,106.3225
2027-03-03,13.0,84.3428,12.6606,98.7872,106.3707
2027-03-04,13.0,84.365,12.6651,98.819,106.4205
2027-03-05,13.0,84.3879,12.6698,98.8521,106.4717
2027-03-06,13.0,84.4115,12.6747,98.8865,106.5244
2027-03-07,13.0,84.4357,12.6798,98.9222,106.5783
2027-03-08,13.0,84.4606,12.685,98.9591,106.6334
2027-03-09,13.0,84.486,12.6904,98.9972,106.6896
2027-03-10,13.0,84.5121,12.6959,99.0363,106.7466
2027-03-11,13.0,84.5386,12.7015,99.0764,106.8044
2027-03-12,13.0,84.5656,12.7072,99.1175,106.8628
2027-03-13,13.0,84.593,12.7131,99.1593,106.9218
2027-03-14,13.0,84.6208,12.719,99.202,106.9811
2027-03-15,13.0,84.649,12.725,99.2452,107.0407
2027-03-16,13.0,84.6775,12.731,99.2891,107.1003
2027-03-17,13.0,84.7062,12.7371,99.3334,107.16
2027-03-18,13.0,84.7351,12.7432,99.378,107.2195
2027-03-19,12.5,84.7642,12.7494,99.423,107.2788
2027-03-20,12.5,84.7935,12.7555,99.4681,107.3378
2027-03-21,12.5,84.8228,12.7616,99.5133,107.3963
2027-03-22,12.5,84.8521,12.7678,99.5585,107.4543
2027-03-23,12.5,84.8814,12.7738,99.6037,107.5117
2027-03-24,12.5,84.9108,12.7799,99.6487,107.5684
2027-03-25,12.5,84.94,12.7859,99.6935,107.6243
2027-03-26,12.5,84.9692,12.7919,99.738,107.6795
2027-03-27,12.5,84.9983,12.7978,99.7822,107.7339
2027-03-28,12.5,85.0272,12.8036,99.826,107.7874
2027-03-29,12.5,85.056,12.8094,99.8694,107.8402
2027-03-30,12.5,85.0846,12.8151,99.9124,107.892
2027-03-31,12.5,85.1131,12.8207,99.955,107.9431
2027-04-01,12.5,85.1414,12.8263,99.9971,107.9933
2027-04-02,12.5,85.1696,12.8318,100.0388,108.0428
2027-04-03,12.5,85.1976,12.8372,100.0801,108.0916
2027-04-04,12.5,85.2255,12.8426,100.121,108.1397
2027-04-05,12.5,85.2532,12.8479,100.1616,108.1872
2027-04-06,12.5,85.2809,12.8532,100.2018,108.2342
2027-04-07,12.5,85.3085,12.8585,100.2418,108.2807
2027-04-08,12.5,85.3361,12.8637,100.2817,108.3269
2027-04-09,12.5,85.3636,12.8689,100.3214,108.3728
2027-04-10,12.5,85.3912,12.8741,100.3611,108.4185
2027-04-11,12.5,85.4188,12.8793,100.4009,108.4642
2027-04-12,12.5,85.4465,12.8845,100.4408,108.5099
2027-04-13,12.5,85.4744,12.8898,100.4809,108.5557
2027-04-14,12.5,85.5024,12.8951,100.5214,108.6017
2027-04-15,12.5,85.5307,12.9004,100.5623,108.648
2027-04-16,12.5,85.5592,12.9058,100.6038,108.6947
2027-04-17,12.5,85.5881,12.9112,100.6459,108.7419
2027-04-18,12.5,85.6172,12.9168,100.6888,108.7896
2027-04-19,12.5,85.6468,12.9224,100.7325,108.838
2027-04-20,12.5,85.6768,12.9282,100.7771,108.8871
2027-04-21,12.5,85.7072,12.9341,100.8228,108.937
2027-04-22,12.5,85.7381,12.94,100.8695,108.9876
2027-04-23,12.0,85.7695,12.9462,100.9174,109.0391
2027-04-24,12.0,85.8014,12.9524,100.9666,109.0915
2027-04-25,12.0,85.8339,12.9588,101.0171,109.1447
2027-04-26,12.0,85.8669,12.9653,101.0689,109.1988
2027-04-27,12.0,85.9005,12.972,101.1221,109.2538
2027-04-28,12.0,85.9347,12.9788,101.1768,109.3097
2027-04-29,12.0,85.9695,12.9858,101.2328,109.3664
2027-04-30,12.0,86.0049,12.9929,101.2904,109.4238
2027-05-01,12.0,86.0408,13.0001,101.3493,109.482
2027-05-02,12.0,86.0773,13.0075,101.4097,109.5409
2027-05-03,12.0,86.1143,13.0149,101.4715,109.6003
2027-05-04,12.0,86.1518,13.0225,101.5346,109.6602
2027-05-05,12.0,86.1898,13.0302,101.5991,109.7206
2027-05-06,12.0,86.2282,13.038,101.6647,109.7812
2027-05-07,12.0,86.267,13.0459,101.7315,109.842
2027-05-08,12.0,86.3062,13.0539,101.7993,109.9029
2027-05-09,12.0,86.3456,13.0619,101.868,109.9638
2027-05-10,12.0,86.3854,13.0699,101.9376,110.0244
2027-05-11,12.0,86.4253,13.078,102.0079,110.0847
2027-05-12,12.0,86.4653,13.086,102.0788,110.1446
2027-05-13,12.0,86.5055,13.0941,102.1501,110.2039
2027-05-14,12.0,86.5456,13.1021,102.2217,110.2625
2027-05-15,12.0,86.5857,13.1101,102.2934,110.3202
2027-05-16,12.0,86.6256,13.118,102.3651,110.377
2027-05-17,12.0,86.6653,13.1258,102.4366,110.4326
2027-05-18,12.0,86.7048,13.1334,102.5078,110.487
2027-05-19,12.0,86.7439,13.141,102.5784,110.5401
2027-05-20,12.0,86.7827,13.1484,102.6483,110.5918
2027-05-21,12.0,86.821,13.1557,102.7174,110.6419
2027-05-22,12.0,86.8587,13.1628,102.7855,110.6904
2027-05-23,12.0,86.8959,13.1696,102.8524,110.7373
2027-05-24,12.0,86.9323,13.1763,102.918,110.7823
2027-05-25,12.0,86.9681,13.1828,102.9822,110.8256
2027-05-26,12.0,87.0032,13.189,103.0447,110.867
2027-05-27,12.0,87.0374,13.195,103.1055,110.9066
2027-05-28,12.0,87.0708,13.2007,103.1645,110.9444
2027-05-29,12.0,87.1033,13.2062,103.2216,110.9802
2027-05-30,12.0,87.1349,13.2114,103.2765,111.0143
2027-05-31,12.0,87.1656,13.2163,103.3294,111.0465
2027-06-01,12.0,87.1953,13.221,103.3801,111.077
2027-06-02,12.0,87.2241,13.2254,103.4285,111.1059
2027-06-03,12.0,87.2519,13.2295,103.4747,111.1331
2027-06-04,12.0,87.2787,13.2334,103.5185,111.1588
2027-06-05,12.0,87.3046,13.237,103.5601,111.1832
2027-06-06,12.0,87.3295,13.2403,103.5993,111.2062
2027-06-07,12.0,87.3535,13.2435,103.6363,111.2281
2027-06-08,12.0,87.3766,13.2464,103.671,111.249
2027-06-09,12.0,87.3989,13.249,103.7035,111.2691
2027-06-10,12.0,87.4203,13.2515,103.7339,111.2884
2027-06-11,12.0,87.4409,13.2538,103.7623,111.3072
2027-06-12,12.0,87.4608,13.256,103.7887,111.3256
2027-06-13,12.0,87.48,13.2579,103.8133,111.3439
2027-06-14,12.0,87.4985,13.2598,103.8361,111.3621
2027-06-15,12.0,87.5165,13.2615,103.8574,111.3804
2027-06-16,12.0,87.5341,13.2632,103.8773,111.3991
2027-06-17,12.0,87.5511,13.2648,103.8958,111.4183
2027-06-18,11.0,87.5679,13.2663,103.9132,111.4382
2027-06-19,11.0,87.5843,13.2679,103.9297,111.4589
2027-06-20,11.0,87.6005,13.2694,103.9453,111.4806
2027-06-21,11.0,87.6166,13.271,103.9603,111.5035
2027-06-22,11.0,87.6327,13.2726,103.9749,111.5278
2027-06-23,11.0,87.6487,13.2742,103.9892,111.5535
2027-06-24,11.0,87.6649,13.276,104.0034,111.5808
2027-06-25,11.0,87.6812,13.2779,104.0177,111.6098
2027-06-26,11.0,87.6978,13.2799,104.0322,111.6406
2027-06-27,11.0,87.7146,13.282,104.0472,111.6734
2027-06-28,11.0,87.7319,13.2843,104.0628,111.7082
2027-06-29,11.0,87.7496,13.2868,104.0792,111.7451
2027-06-30,11.0,87.7678,13.2895,104.0964,111.7841
2027-07-01,11.0,87.7865,13.2924,104.1147,111.8253
2027-07-02,11.0,87.8058,13.2955,104.1342,111.8686
2027-07-03,11.0,87.8258,13.2989,104.155,111.9142
2027-07-04,11.0,87.8465,13.3024,104.1772,111.962
2027-07-05,11.0,87.8679,13.3063,104.2009,112.0119
2027-07-06,11.0,87.89,13.3104,104.2262,112.064
2027-07-07,11.0,87.9129,13.3147,104.2531,112.1181
2027-07-08,11.0,87.9366,13.3193,104.2818,112.1742
2027-07-09,11.0,87.961,13.3241,104.3123,112.2323
2027-07-10,11.0,87.9863,13.3292,104.3445,112.2922
2027-07-11,11.0,88.0123,13.3345,104.3785,112.3537
2027-07-12,11.0,88.0391,13.34,104.4143,112.4169
2027-07-13,11.0,88.0666,13.3458,104.4519,112.4815
2027-07-14,11.0,88.0948,13.3518,104.4912,112.5473
2027-07-15,11.0,88.1237,13.358,104.5322,112.6143
2027-07-16,11.0,88.1533,13.3643,104.5748,112.6823
2027-07-17,11.0,88.1835,13.3709,104.619,112.751
2027-07-18,11.0,88.2142,13.3776,104.6647,112.8204
2027-07-19,11.0,88.2454,13.3844,104.7117,112.8902
2027-07-20,11.0,88.277,13.3914,104.7599,112.9602
2027-07-21,11.0,88.309,13.3985,104.8093,113.0303
2027-07-22,11.0,88.3413,13.4056,104.8598,113.1002
2027-07-23,10.0,88.3738,13.4128,104.9111,113.1698
2027-07-24,10.0,88.4066,13.4201,104.9631,113.2389
2027-07-25,10.0,88.4394,13.4273,105.0158,113.3074
2027-07-26,10.0,88.4722,13.4346,105.0689,113.375
2027-07-27,10.0,88.5051,13.4418,105.1223,113.4416
2027-07-28,10.0,88.5378,13.449,105.1759,113.507
2027-07-29,10.0,88.5703,13.4562,105.2295,113.5711
2027-07-30,10.0,88.6025,13.4633,105.283,113.6337
2027-07-31,10.0,88.6345,13.4702,105.3362,113.6948
2027-08-01,10.0,88.6661,13.4771,105.389,113.7542
2027-08-02,10.0,88.6972,13.4838,105.4413,113.8118
2027-08-03,10.0,88.7279,13.4904,105.4929,113.8675
2027-08-04,10.0,88.758,13.4968,105.5438,113.9213
2027-08-05,10.0,88.7875,13.5031,105.5938,113.9731
2027-08-06,10.0,88.8164,13.5092,105.6428,114.0228
2027-08-07,10.0,88.8447,13.5151,105.6907,114.0705
2027-08-08,10.0,88.8722,13.5208,105.7375,114.1161
2027-08-09,10.0,88.899,13.5263,105.783,114.1596
2027-08-10,10.0,88.925,13.5316,105.8273,114.201
2027-08-11,10.0,88.9503,13.5367,105.8702,114.2404
2027-08-12,10.0,88.9748,13.5416,105.9118,114.2778
2027-08-13,10.0,88.9985,13.5463,105.9519,114.3133
2027-08-14,10.0,89.0215,13.5507,105.9907,114.3468
2027-08-15,10.0,89.0436,13.555,106.028,114.3785
2027-08-16,10.0,89.065,13.5591,106.0639,114.4084
2027-08-17,10.0,89.0856,13.5629,106.0984,114.4367
2027-08-18,10.0,89.1054,13.5666,106.1315,114.4634
2027-08-19,10.0,89.1245,13.5701,106.1632,114.4886
2027-08-20,10.0,89.1429,13.5734,106.1936,114.5125
2027-08-21,10.0,89.1606,13.5766,106.2227,114.535
2027-08-22,10.0,89.1776,13.5796,106.2506,114.5563
2027-08-23,10.0,89.1939,13.5824,106.2772,114.5766
2027-08-24,10.0,89.2097,13.5851,106.3026,114.5959
2027-08-25,10.0,89.2248,13.5877,106.327,114.6142
2027-08-26,10.0,89.2393,13.5901,106.3503,114.6318
2027-08-27,10.0,89.2533,13.5924,106.3726,114.6487
2027-08-28,10.0,89.2668,13.5946,106.3939,114.6649
2027-08-29,10.0,89.2798,13.5968,106.4143,114.6806
2027-08-30,10.0,89.2923,13.5988,106.4339,114.6958
2027-08-31,10.0,89.3044,13.6007,106.4527,114.7106
2027-09-01,10.0,89.316,13.6026,106.4707,114.725
2027-09-02,10.0,89.3272,13.6044,106.488,114.7391
2027-09-03,10.0,89.338,13.6061,106.5046,114.7529
2027-09-04,10.0,89.3484,13.6078,106.5205,114.7664
2027-09-05,10.0,89.3583,13.6094,106.5358,114.7797
2027-09-06,10.0,89.3679,13.6109,106.5504,114.7927
2027-09-07,10.0,89.3771,13.6124,106.5644,114.8055
2027-09-08,10.0,89.386,13.6139,106.5778,114.8181
2027-09-09,10.0,89.3944,13.6152,106.5906,114.8304
2027-09-10,9.0,89.4024,13.6166,106.6027,114.8424
